States,Baseline NmKGE,Model 1 (state-based NmKGE),Model 2 (state-based split_mean_NmKGE),Ensemble
Overall,0.8248455789070457,0.8029240996289426,0.6320435944231686,0.7924634337506173
Wet,0.792995095990046,0.7744354620386492,0.6757356636984426,0.7572450355801266
Usual,0.44982810585033084,0.582315408669881,0.3663023966202018,0.6225002218920526
Dry,0.3024940679920334,0.7122897225474369,0.641069680792643,0.6529704436792043
